背番号,選手名,防御率,試合,勝利,敗北,セーブ,ホールド,勝率,打者,投球回,被安打,被本塁打,与四球,与死球,奪三振,失点,自責点,WHIP,DIPS,team,Name,salary
18,森下　暢仁,2.39,9.0,3.0,4.0,0.0,0.0,0.429,249.0,64.0,49.0,3.0,10.0,1.0,45.0,21.0,17.0,0.92,2.84,c,森下　暢仁,16500
19,床田　寛樹,1.85,8.0,4.0,3.0,0.0,0.0,0.571,233.0,58.1,47.0,1.0,13.0,0.0,26.0,14.0,12.0,1.03,3.02,c,床田　寛樹,15000
14,大瀬良　大地,1.98,8.0,2.0,2.0,0.0,0.0,0.5,204.0,50.0,38.0,1.0,15.0,1.0,39.0,11.0,11.0,1.06,2.72,c,大瀬良　大地,20000
16,森　翔平,3.03,7.0,3.0,1.0,0.0,0.0,0.75,164.0,38.2,37.0,3.0,15.0,2.0,31.0,13.0,13.0,1.34,3.84,c,森　翔平,2000
65,玉村　昇悟,3.9,6.0,1.0,4.0,0.0,0.0,0.2,133.0,32.1,33.0,0.0,4.0,1.0,26.0,15.0,14.0,1.14,1.98,c,玉村　昇悟,2600
42,ドミンゲス,2.08,5.0,1.0,0.0,0.0,0.0,1.0,90.0,21.2,10.0,1.0,15.0,1.0,17.0,5.0,5.0,1.15,4.37,c,ドミンゲス,7750
20,栗林　良吏,3.72,20.0,1.0,0.0,7.0,7.0,1.0,78.0,19.1,11.0,0.0,8.0,0.0,21.0,9.0,8.0,0.98,1.88,c,栗林　良吏,16000
13,森浦　大輔,0.95,21.0,1.0,1.0,0.0,10.0,0.5,71.0,19.0,11.0,1.0,2.0,1.0,21.0,2.0,2.0,0.68,2.07,c,森浦　大輔,6300
43,島内　颯太郎,0.5,20.0,1.0,0.0,0.0,10.0,1.0,72.0,18.0,12.0,0.0,6.0,0.0,14.0,3.0,1.0,1.0,2.56,c,島内　颯太郎,8800
68,ハーン,4.5,16.0,1.0,1.0,2.0,9.0,0.5,67.0,16.0,16.0,1.0,6.0,0.0,18.0,8.0,8.0,1.38,2.81,c,ハーン,11325
36,塹江　敦哉,2.93,19.0,0.0,1.0,1.0,7.0,0.0,68.0,15.1,14.0,0.0,6.0,2.0,22.0,5.0,5.0,1.3,1.62,c,塹江　敦哉,4000
41,鈴木　健矢,2.57,11.0,2.0,0.0,0.0,0.0,1.0,59.0,14.0,12.0,1.0,4.0,2.0,6.0,4.0,4.0,1.14,4.48,c,鈴木　健矢,2700
21,中﨑　翔太,0.68,15.0,1.0,1.0,0.0,3.0,0.5,46.0,13.1,5.0,0.0,2.0,1.0,13.0,1.0,1.0,0.53,1.85,c,中﨑　翔太,5200
53,岡本　駿,2.25,14.0,1.0,1.0,0.0,1.0,0.5,50.0,12.0,12.0,0.0,2.0,1.0,12.0,3.0,3.0,1.17,1.62,c,岡本　駿,1000
34,高橋　昂也,0.0,1.0,0.0,0.0,0.0,0.0,0.0,9.0,3.0,1.0,0.0,1.0,0.0,1.0,0.0,0.0,0.67,3.45,c,高橋　昂也,700
47,斉藤　優汰,0.0,1.0,0.0,0.0,0.0,0.0,0.0,4.0,1.0,1.0,0.0,0.0,0.0,2.0,0.0,0.0,1.0,-0.88,c,斉藤　優汰,700
12,大道　温貴,,,,,,,,,,,,,,,,,,,c,大道　温貴,2400
17,常廣　羽也斗,,,,,,,,,,,,,,,,,,,c,常廣　羽也斗,1600
22,髙　太一,,,,,,,,,,,,,,,,,,,c,髙　太一,1200
24,黒原　拓未,,,,,,,,,,,,,,,,,,,c,黒原　拓未,3400
26,益田　武尚,,,,,,,,,,,,,,,,,,,c,益田　武尚,1200
28,佐藤　柳之介,,,,,,,,,,,,,,,,,,,c,佐藤　柳之介,1200
29,ケムナ　誠,,,,,,,,,,,,,,,,,,,c,ケムナ　誠,2100
30,滝田　一希,,,,,,,,,,,,,,,,,,,c,滝田　一希,1000
35,赤塚　健利,,,,,,,,,,,,,,,,,,,c,赤塚　健利,700
39,長谷部　銀次,,,,,,,,,,,,,,,,,,,c,長谷部　銀次,1000
45,松本　竜也,,,,,,,,,,,,,,,,,,,c,松本　竜也,1400
46,河野　佳,,,,,,,,,,,,,,,,,,,c,河野　佳,1100
48,アドゥワ　誠,,,,,,,,,,,,,,,,,,,c,アドゥワ　誠,3400
66,遠藤　淳志,,,,,,,,,,,,,,,,,,,c,遠藤　淳志,1900
67,菊地　ハルン,,,,,,,,,,,,,,,,,,,c,菊地　ハルン,500
70,日髙　暖己,,,,,,,,,,,,,,,,,,,c,日髙　暖己,450
41,村上　頌樹,1.67,9.0,6.0,1.0,0.0,0.0,0.857,245.0,64.2,49.0,2.0,6.0,1.0,48.0,12.0,12.0,0.85,2.32,t,村上　頌樹,8000
35,才木　浩人,1.99,8.0,4.0,3.0,0.0,0.0,0.571,222.0,54.1,38.0,2.0,22.0,0.0,43.0,12.0,12.0,1.1,3.23,t,才木　浩人,12000
18,伊原　陵人,1.45,11.0,3.0,1.0,0.0,1.0,0.75,140.0,37.1,25.0,0.0,6.0,0.0,25.0,6.0,6.0,0.83,2.18,t,伊原　陵人,1600
20,デュプランティエ,1.09,6.0,1.0,1.0,0.0,0.0,0.5,132.0,33.0,23.0,0.0,6.0,2.0,44.0,7.0,4.0,0.88,1.18,t,デュプランティエ,11600
30,門別　啓人,4.73,6.0,1.0,2.0,0.0,0.0,0.333,113.0,26.2,26.0,2.0,11.0,2.0,19.0,14.0,14.0,1.39,4.02,t,門別　啓人,870
99,ビーズリー,4.29,6.0,1.0,2.0,0.0,0.0,0.333,92.0,21.0,24.0,0.0,8.0,0.0,19.0,11.0,10.0,1.52,2.17,t,ビーズリー,24800
37,及川　雅貴,0.89,20.0,3.0,1.0,0.0,9.0,0.75,79.0,20.1,12.0,1.0,6.0,0.0,23.0,3.0,2.0,0.89,1.94,t,及川　雅貴,3000
69,石井　大智,0.46,18.0,0.0,0.0,1.0,14.0,0.0,71.0,19.2,9.0,0.0,4.0,0.0,16.0,1.0,1.0,0.66,1.8,t,石井　大智,8200
50,富田　蓮,3.32,5.0,1.0,0.0,0.0,0.0,1.0,77.0,19.0,22.0,0.0,2.0,0.0,8.0,7.0,7.0,1.26,2.59,t,富田　蓮,2800
13,岩崎　優,2.55,19.0,0.0,2.0,12.0,3.0,0.0,70.0,17.2,16.0,1.0,2.0,0.0,14.0,7.0,5.0,1.02,2.61,t,岩崎　優,20000
49,大竹　耕太郎,4.15,3.0,1.0,1.0,0.0,0.0,0.5,69.0,17.1,17.0,1.0,1.0,1.0,10.0,8.0,8.0,1.04,3.06,t,大竹　耕太郎,9000
47,桐敷　拓馬,0.53,18.0,0.0,0.0,1.0,8.0,0.0,72.0,17.0,18.0,0.0,2.0,1.0,16.0,2.0,1.0,1.18,1.59,t,桐敷　拓馬,8800
24,工藤　泰成,4.22,12.0,0.0,2.0,0.0,1.0,0.0,49.0,10.2,9.0,0.0,10.0,0.0,11.0,6.0,5.0,1.78,3.87,t,工藤　泰成,300
34,漆原　大晟,0.0,9.0,0.0,0.0,0.0,1.0,0.0,35.0,10.0,5.0,0.0,2.0,0.0,9.0,0.0,0.0,0.7,1.92,t,漆原　大晟,2500
65,湯浅　京己,0.0,10.0,1.0,0.0,0.0,4.0,1.0,36.0,9.1,6.0,0.0,4.0,0.0,7.0,0.0,0.0,1.07,2.58,t,湯浅　京己,3700
46,島本　浩也,1.17,8.0,1.0,0.0,0.0,1.0,1.0,29.0,7.2,6.0,0.0,1.0,1.0,5.0,1.0,1.0,0.91,2.6,t,島本　浩也,4500
14,岩貞　祐太,1.35,7.0,1.0,0.0,0.0,2.0,1.0,28.0,6.2,5.0,0.0,3.0,0.0,4.0,1.0,1.0,1.2,3.27,t,岩貞　祐太,10000
64,岡留　英貴,0.0,6.0,0.0,0.0,0.0,1.0,0.0,23.0,5.2,3.0,0.0,3.0,0.0,1.0,0.0,0.0,1.06,3.83,t,岡留　英貴,2000
0,ゲラ,13.5,6.0,0.0,1.0,0.0,1.0,0.0,29.0,4.2,10.0,0.0,5.0,0.0,4.0,7.0,7.0,3.21,4.62,t,ゲラ,31000
16,西　勇輝,5.79,1.0,0.0,1.0,0.0,0.0,0.0,23.0,4.2,7.0,0.0,2.0,0.0,2.0,3.0,3.0,1.93,3.55,t,西　勇輝,30000
63,石黒　佑弥,9.0,4.0,0.0,0.0,0.0,0.0,0.0,19.0,4.0,7.0,1.0,1.0,0.0,2.0,4.0,4.0,2.0,6.12,t,石黒　佑弥,800
42,ネルソン,5.4,2.0,0.0,1.0,0.0,0.0,0.0,9.0,1.2,2.0,0.0,2.0,0.0,0.0,1.0,1.0,2.4,6.72,t,ネルソン,13500
27,伊藤　将司,0.0,1.0,0.0,0.0,0.0,0.0,0.0,2.0,0.2,0.0,0.0,0.0,0.0,0.0,0.0,0.0,0.0,3.12,t,伊藤　将司,14000
15,西　純矢,,,,,,,,,,,,,,,,,,,t,西　純矢,3000
19,下村　海翔,,,,,,,,,,,,,,,,,,,t,下村　海翔,1450
26,椎葉　剛,,,,,,,,,,,,,,,,,,,t,椎葉　剛,950
28,今朝丸　裕喜,,,,,,,,,,,,,,,,,,,t,今朝丸　裕喜,720
29,髙橋　遥人,,,,,,,,,,,,,,,,,,,t,髙橋　遥人,2500
36,畠　世周,,,,,,,,,,,,,,,,,,,t,畠　世周,2000
48,茨木　秀俊,,,,,,,,,,,,,,,,,,,t,茨木　秀俊,500
54,木下　里都,,,,,,,,,,,,,,,,,,,t,木下　里都,1000
66,津田　淳哉,,,,,,,,,,,,,,,,,,,t,津田　淳哉,720
92,川原　陸,,,,,,,,,,,,,,,,,,,t,川原　陸,520
98,佐藤　蓮,,,,,,,,,,,,,,,,,,,t,佐藤　蓮,600
96,バウアー,3.93,8.0,2.0,3.0,0.0,0.0,0.4,225.0,55.0,52.0,7.0,14.0,0.0,50.0,24.0,24.0,1.2,3.67,yb,バウアー,93000
42,ジャクソン,1.27,8.0,4.0,1.0,0.0,0.0,0.8,200.0,49.2,38.0,0.0,15.0,3.0,44.0,7.0,7.0,1.07,2.38,yb,ジャクソン,24500
69,ケイ,1.1,7.0,4.0,1.0,0.0,0.0,0.8,191.0,49.0,38.0,2.0,12.0,1.0,39.0,6.0,6.0,1.02,2.79,yb,ケイ,15500
11,東　克樹,1.9,7.0,5.0,1.0,0.0,0.0,0.833,194.0,47.1,42.0,4.0,8.0,2.0,40.0,14.0,10.0,1.06,3.16,yb,東　克樹,21000
59,平良　拳太郎,3.72,6.0,1.0,2.0,0.0,0.0,0.333,123.0,29.0,31.0,3.0,6.0,0.0,22.0,12.0,12.0,1.28,3.57,yb,平良　拳太郎,2600
16,大貫　晋一,3.47,4.0,0.0,2.0,0.0,0.0,0.0,97.0,23.1,24.0,3.0,5.0,1.0,17.0,9.0,9.0,1.24,4.11,yb,大貫　晋一,7200
22,入江　大生,1.5,18.0,1.0,1.0,9.0,2.0,0.5,71.0,18.0,9.0,2.0,7.0,1.0,16.0,3.0,3.0,0.89,3.95,yb,入江　大生,3350
54,石田　裕太郎,3.71,4.0,1.0,1.0,0.0,1.0,0.5,64.0,17.0,12.0,0.0,2.0,0.0,19.0,7.0,7.0,0.82,1.24,yb,石田　裕太郎,1300
65,宮城　滝太,0.54,14.0,1.0,1.0,0.0,3.0,0.5,65.0,16.2,8.0,0.0,8.0,0.0,11.0,2.0,1.0,0.96,3.24,yb,宮城　滝太,640
62,ウィック,0.6,14.0,2.0,0.0,1.0,9.0,1.0,59.0,15.0,7.0,0.0,7.0,2.0,17.0,1.0,1.0,0.93,2.65,yb,ウィック,14700
13,伊勢　大夢,2.03,15.0,0.0,0.0,2.0,11.0,0.0,51.0,13.1,9.0,0.0,3.0,0.0,15.0,3.0,3.0,0.9,1.55,yb,伊勢　大夢,9250
20,坂本　裕哉,2.31,11.0,1.0,1.0,0.0,0.0,0.5,48.0,11.2,9.0,2.0,4.0,0.0,11.0,4.0,3.0,1.11,4.23,yb,坂本　裕哉,3700
19,山﨑　康晃,3.27,12.0,0.0,2.0,1.0,1.0,0.0,43.0,11.0,8.0,2.0,3.0,0.0,8.0,4.0,4.0,1.0,4.85,yb,山﨑　康晃,30000
53,颯,3.68,9.0,0.0,0.0,0.0,1.0,0.0,38.0,7.1,9.0,0.0,5.0,1.0,7.0,4.0,3.0,1.91,3.26,yb,颯,1600
41,佐々木　千隼,4.5,6.0,0.0,0.0,0.0,0.0,0.0,28.0,6.0,9.0,0.0,3.0,0.0,3.0,3.0,3.0,2.0,3.62,yb,佐々木　千隼,3500
45,森原　康平,7.5,6.0,0.0,2.0,0.0,1.0,0.0,26.0,6.0,8.0,1.0,0.0,0.0,4.0,5.0,5.0,1.33,3.95,yb,森原　康平,10000
92,堀岡　隼人,3.86,4.0,0.0,0.0,0.0,0.0,0.0,24.0,4.2,6.0,0.0,4.0,0.0,8.0,3.0,2.0,2.14,1.62,yb,堀岡　隼人,700
24,吉野　光樹,0.0,1.0,0.0,0.0,0.0,0.0,0.0,21.0,4.2,3.0,0.0,5.0,0.0,2.0,1.0,0.0,1.71,5.48,yb,吉野　光樹,1400
52,浜地　真澄,6.0,3.0,0.0,0.0,0.0,0.0,0.0,12.0,3.0,2.0,2.0,1.0,0.0,5.0,2.0,2.0,1.0,9.45,yb,浜地　真澄,2800
64,中川　虎大,0.0,2.0,0.0,0.0,0.0,0.0,0.0,7.0,2.0,1.0,0.0,0.0,0.0,3.0,0.0,0.0,0.5,0.12,yb,中川　虎大,1520
30,篠木　健太郎,27.0,2.0,0.0,0.0,0.0,1.0,0.0,10.0,1.1,2.0,0.0,3.0,1.0,0.0,4.0,4.0,3.75,12.12,yb,篠木　健太郎,1200
12,竹田　祐,,,,,,,,,,,,,,,,,,,yb,竹田　祐,1600
14,石田　健大,,,,,,,,,,,,,,,,,,,yb,石田　健大,10000
15,徳山　壮磨,,,,,,,,,,,,,,,,,,,yb,徳山　壮磨,2000
17,三嶋　一輝,,,,,,,,,,,,,,,,,,,yb,三嶋　一輝,6500
18,小園　健太,,,,,,,,,,,,,,,,,,,yb,小園　健太,690
34,松本　凌人,,,,,,,,,,,,,,,,,,,yb,松本　凌人,1250
36,森下　瑠大,,,,,,,,,,,,,,,,,,,yb,森下　瑠大,550
38,森　唯斗,,,,,,,,,,,,,,,,,,,yb,森　唯斗,4000
39,若松　尚輝,,,,,,,,,,,,,,,,,,,yb,若松　尚輝,800
40,松本　隆之介,,,,,,,,,,,,,,,,,,,yb,松本　隆之介,560
46,坂口　翔颯,,,,,,,,,,,,,,,,,,,yb,坂口　翔颯,700
48,京山　将弥,,,,,,,,,,,,,,,,,,,yb,京山　将弥,2450
68,岩田　将貴,,,,,,,,,,,,,,,,,,,yb,岩田　将貴,560
91,庄司　陽斗,,,,,,,,,,,,,,,,,,,yb,庄司　陽斗,340
93,ディアス,,,,,,,,,,,,,,,,,,,yb,ディアス,1320
93,ディアス,,,,,,,,,,,,,,,,,,,yb,ディアス,8000
98,マルセリーノ,,,,,,,,,,,,,,,,,,,yb,マルセリーノ,620
31,赤星　優志,1.83,9.0,3.0,3.0,0.0,0.0,0.5,209.0,54.0,47.0,4.0,4.0,1.0,38.0,12.0,11.0,0.94,2.84,g,赤星　優志,3300
19,山﨑　伊織,1.21,8.0,5.0,1.0,0.0,0.0,0.833,201.0,52.0,37.0,3.0,8.0,1.0,44.0,10.0,7.0,0.87,2.7,g,山﨑　伊織,9000
97,井上　温大,2.57,8.0,3.0,3.0,0.0,0.0,0.5,200.0,49.0,45.0,3.0,8.0,0.0,49.0,18.0,14.0,1.08,2.34,g,井上　温大,3400
65,石川　達也,1.64,13.0,1.0,3.0,0.0,1.0,0.25,137.0,33.0,30.0,1.0,10.0,1.0,20.0,8.0,6.0,1.21,3.21,g,石川　達也,1600
20,戸郷　翔征,7.52,6.0,0.0,4.0,0.0,0.0,0.0,130.0,26.1,40.0,4.0,11.0,0.0,17.0,27.0,22.0,1.94,5.06,g,戸郷　翔征,30000
29,グリフィン,0.69,5.0,3.0,0.0,0.0,0.0,1.0,99.0,26.0,13.0,0.0,8.0,1.0,30.0,2.0,2.0,0.81,1.85,g,グリフィン,20000
91,堀田　賢慎,5.48,7.0,0.0,1.0,0.0,0.0,0.0,94.0,21.1,22.0,4.0,11.0,1.0,11.0,13.0,13.0,1.55,6.21,g,堀田　賢慎,1660
92,マルティネス,0.0,21.0,1.0,0.0,17.0,2.0,1.0,78.0,20.2,9.0,0.0,6.0,0.0,18.0,0.0,0.0,0.73,2.1,g,マルティネス,300
92,マルティネス,0.0,21.0,1.0,0.0,17.0,2.0,1.0,78.0,20.2,9.0,0.0,6.0,0.0,18.0,0.0,0.0,0.73,2.1,g,マルティネス,120000
92,マルティネス,0.0,21.0,1.0,0.0,17.0,2.0,1.0,78.0,20.2,9.0,0.0,6.0,0.0,18.0,0.0,0.0,0.73,2.1,g,マルティネス,1000
92,マルティネス,0.0,21.0,1.0,0.0,17.0,2.0,1.0,78.0,20.2,9.0,0.0,6.0,0.0,18.0,0.0,0.0,0.73,2.1,g,マルティネス,25000
15,大勢,1.37,19.0,5.0,0.0,0.0,13.0,1.0,74.0,19.2,13.0,1.0,2.0,0.0,23.0,3.0,3.0,0.76,1.59,g,大勢,9000
41,中川　皓太,2.08,19.0,1.0,0.0,0.0,11.0,1.0,76.0,17.1,19.0,2.0,1.0,1.0,26.0,5.0,4.0,1.15,1.97,g,中川　皓太,8500
45,田中　瑛斗,3.24,20.0,0.0,1.0,0.0,12.0,0.0,68.0,16.2,18.0,0.0,5.0,0.0,12.0,7.0,6.0,1.38,1.86,g,田中　瑛斗,750
62,横川　凱,3.24,10.0,0.0,0.0,0.0,1.0,0.0,68.0,16.2,13.0,1.0,5.0,1.0,9.0,6.0,6.0,1.08,3.9,g,横川　凱,1900
58,船迫　大雅,2.93,18.0,1.0,2.0,0.0,6.0,0.333,60.0,15.1,11.0,3.0,5.0,1.0,9.0,5.0,5.0,1.04,5.08,g,船迫　大雅,5600
33,ケラー,4.61,15.0,1.0,0.0,0.0,2.0,1.0,58.0,13.2,10.0,4.0,7.0,0.0,15.0,7.0,7.0,1.24,6.05,g,ケラー,20000
53,高梨　雄平,3.18,18.0,0.0,1.0,0.0,5.0,0.0,56.0,11.1,10.0,0.0,10.0,3.0,13.0,4.0,4.0,1.76,3.47,g,高梨　雄平,15000
11,田中　将大,9.0,3.0,1.0,1.0,0.0,0.0,0.5,55.0,10.0,20.0,0.0,7.0,0.0,4.0,10.0,10.0,2.7,4.12,g,田中　将大,16000
17,西舘　勇陽,2.57,5.0,0.0,0.0,0.0,1.0,0.0,31.0,7.0,7.0,1.0,3.0,1.0,7.0,2.0,2.0,1.43,4.69,g,西舘　勇陽,2800
63,泉　圭輔,7.94,5.0,0.0,0.0,0.0,0.0,0.0,27.0,5.2,6.0,1.0,3.0,1.0,5.0,5.0,5.0,1.59,5.77,g,泉　圭輔,4350
36,馬場　皐輔,3.38,6.0,0.0,0.0,0.0,0.0,0.0,23.0,5.1,3.0,0.0,3.0,0.0,4.0,3.0,2.0,1.13,3.31,g,馬場　皐輔,2900
95,戸田　懐生,3.38,2.0,0.0,1.0,0.0,0.0,0.0,12.0,2.2,3.0,0.0,1.0,0.0,0.0,1.0,1.0,1.5,3.12,g,戸田　懐生,680
49,バルドナード,6.75,2.0,0.0,0.0,0.0,1.0,0.0,8.0,1.1,2.0,0.0,2.0,0.0,0.0,1.0,1.0,3.0,7.62,g,バルドナード,15000
66,平内　龍太,0.0,1.0,0.0,0.0,0.0,0.0,0.0,3.0,1.0,0.0,0.0,0.0,0.0,1.0,0.0,0.0,0.0,1.12,g,平内　龍太,3200
26,今村　信貴,,,,,,,,,,,,,,,,,,,g,今村　信貴,3400
28,高橋　礼,,,,,,,,,,,,,,,,,,,g,高橋　礼,3700
30,近藤　大亮,,,,,,,,,,,,,,,,,,,g,近藤　大亮,3500
46,又木　鉄平,,,,,,,,,,,,,,,,,,,g,又木　鉄平,1000
47,森田　駿哉,,,,,,,,,,,,,,,,,,,g,森田　駿哉,1350
48,田中　千晴,,,,,,,,,,,,,,,,,,,g,田中　千晴,1520
57,宮原　駿介,,,,,,,,,,,,,,,,,,,g,宮原　駿介,800
64,大江　竜聖,,,,,,,,,,,,,,,,,,,g,大江　竜聖,2450
90,石田　充冴,,,,,,,,,,,,,,,,,,,g,石田　充冴,600
99,京本　眞,,,,,,,,,,,,,,,,,,,g,京本　眞,460
19,髙橋　宏斗,3.48,9.0,2.0,5.0,0.0,0.0,0.286,225.0,54.1,50.0,2.0,18.0,2.0,43.0,24.0,21.0,1.25,3.06,d,髙橋　宏斗,12000
38,松葉　貴大,1.92,8.0,5.0,3.0,0.0,0.0,0.625,200.0,51.2,43.0,2.0,9.0,1.0,24.0,12.0,11.0,1.01,3.27,d,松葉　貴大,5000
93,マラー,6.04,5.0,0.0,3.0,0.0,0.0,0.0,111.0,25.1,29.0,3.0,7.0,1.0,28.0,17.0,17.0,1.42,3.4,d,マラー,10000
17,柳　裕也,0.72,4.0,1.0,1.0,0.0,0.0,0.5,95.0,25.0,16.0,0.0,5.0,2.0,19.0,2.0,2.0,0.84,2.44,d,柳　裕也,11000
20,涌井　秀章,1.44,4.0,2.0,1.0,0.0,0.0,0.667,97.0,25.0,19.0,1.0,5.0,2.0,22.0,4.0,4.0,0.96,2.6,d,涌井　秀章,9000
22,大野　雄大,3.47,5.0,1.0,2.0,0.0,0.0,0.333,93.0,23.1,19.0,1.0,6.0,0.0,15.0,11.0,9.0,1.07,3.16,d,大野　雄大,12000
90,松山　晋也,2.18,21.0,0.0,0.0,17.0,3.0,0.0,81.0,20.2,19.0,1.0,1.0,0.0,28.0,5.0,5.0,0.97,1.18,d,松山　晋也,5000
50,清水　達也,1.45,19.0,2.0,0.0,0.0,13.0,1.0,79.0,18.2,15.0,0.0,9.0,1.0,15.0,3.0,3.0,1.29,2.8,d,清水　達也,9500
52,マルテ,2.55,18.0,1.0,2.0,1.0,11.0,0.333,67.0,17.2,11.0,2.0,4.0,1.0,12.0,5.0,5.0,0.85,4.08,d,マルテ,15000
91,メヒア,6.62,3.0,1.0,2.0,0.0,0.0,0.333,73.0,17.2,17.0,5.0,3.0,0.0,8.0,13.0,13.0,1.13,6.4,d,メヒア,10000
54,藤嶋　健人,3.31,18.0,0.0,2.0,0.0,4.0,0.0,67.0,16.1,15.0,0.0,4.0,0.0,12.0,6.0,6.0,1.16,2.39,d,藤嶋　健人,8500
69,三浦　瑞樹,3.68,3.0,1.0,0.0,0.0,0.0,1.0,63.0,14.2,13.0,1.0,7.0,0.0,7.0,8.0,6.0,1.36,4.28,d,三浦　瑞樹,500
13,橋本　侑樹,0.0,13.0,0.0,0.0,0.0,2.0,0.0,59.0,14.1,8.0,0.0,7.0,1.0,11.0,0.0,0.0,1.05,2.84,d,橋本　侑樹,2700
41,勝野　昌慶,3.38,12.0,2.0,0.0,0.0,3.0,1.0,54.0,13.1,10.0,0.0,4.0,1.0,18.0,5.0,5.0,1.05,1.55,d,勝野　昌慶,3800
59,齋藤　綱記,0.73,14.0,0.0,0.0,0.0,10.0,0.0,50.0,12.1,7.0,1.0,7.0,0.0,7.0,1.0,1.0,1.14,4.74,d,齋藤　綱記,4500
21,金丸　夢斗,2.25,2.0,0.0,1.0,0.0,0.0,0.0,46.0,12.0,8.0,1.0,2.0,1.0,15.0,3.0,3.0,0.83,2.45,d,金丸　夢斗,1600
33,祖父江　大輔,4.82,8.0,0.0,0.0,0.0,1.0,0.0,44.0,9.1,15.0,0.0,4.0,1.0,3.0,5.0,5.0,2.04,4.08,d,祖父江　大輔,7500
30,根尾　昂,7.94,4.0,0.0,0.0,0.0,0.0,0.0,27.0,5.2,9.0,2.0,2.0,0.0,5.0,5.0,5.0,1.94,7.0,d,根尾　昂,1250
16,岩嵜　翔,2.08,4.0,1.0,0.0,0.0,0.0,1.0,22.0,4.1,9.0,1.0,0.0,0.0,3.0,1.0,1.0,2.08,4.74,d,岩嵜　翔,2800
46,梅野　雄吾,2.25,3.0,0.0,0.0,0.0,0.0,0.0,18.0,4.0,3.0,0.0,3.0,0.0,2.0,1.0,1.0,1.5,4.37,d,梅野　雄吾,2500
11,岡田　俊哉,10.8,1.0,0.0,1.0,0.0,0.0,0.0,16.0,3.1,5.0,0.0,1.0,0.0,5.0,4.0,4.0,1.8,1.02,d,岡田　俊哉,1000
70,近藤　廉,6.0,3.0,0.0,0.0,0.0,1.0,0.0,17.0,3.0,4.0,0.0,4.0,0.0,5.0,2.0,2.0,2.67,3.79,d,近藤　廉,510
34,福　敬登,0.0,1.0,0.0,0.0,0.0,0.0,0.0,3.0,1.0,0.0,0.0,0.0,0.0,1.0,0.0,0.0,0.0,1.12,d,福　敬登,3300
14,草加　勝,,,,,,,,,,,,,,,,,,,d,草加　勝,1400
18,梅津　晃大,,,,,,,,,,,,,,,,,,,d,梅津　晃大,1400
26,仲地　礼亜,,,,,,,,,,,,,,,,,,,d,仲地　礼亜,1150
28,森　博人,,,,,,,,,,,,,,,,,,,d,森　博人,870
29,松木平　優太,,,,,,,,,,,,,,,,,,,d,松木平　優太,1050
32,伊藤　茉央,,,,,,,,,,,,,,,,,,,d,伊藤　茉央,880
36,福田　幸之介,,,,,,,,,,,,,,,,,,,d,福田　幸之介,615
47,吉田　聖弥,,,,,,,,,,,,,,,,,,,d,吉田　聖弥,1200
48,土生　翔太,,,,,,,,,,,,,,,,,,,d,土生　翔太,792
61,高橋　幸佑,,,,,,,,,,,,,,,,,,,d,高橋　幸佑,540
64,有馬　惠叶,,,,,,,,,,,,,,,,,,,d,有馬　惠叶,540
94,ウォルターズ,,,,,,,,,,,,,,,,,,,d,ウォルターズ,6000
29,小川　泰弘,2.52,6.0,2.0,3.0,0.0,0.0,0.4,164.0,39.1,35.0,1.0,8.0,1.0,22.0,15.0,11.0,1.09,2.94,s,小川　泰弘,11000
39,ランバート,3.51,6.0,1.0,4.0,0.0,0.0,0.2,140.0,33.1,33.0,3.0,9.0,2.0,26.0,13.0,13.0,1.26,3.72,s,ランバート,24000
26,山野　太一,4.65,6.0,1.0,1.0,0.0,0.0,0.5,132.0,31.0,31.0,5.0,11.0,1.0,21.0,16.0,16.0,1.35,5.02,s,山野　太一,1400
21,吉村　貢司郎,3.23,6.0,2.0,2.0,0.0,0.0,0.5,133.0,30.2,32.0,4.0,6.0,1.0,26.0,16.0,11.0,1.24,3.8,s,吉村　貢司郎,5000
40,高梨　裕稔,2.17,5.0,1.0,0.0,0.0,0.0,1.0,116.0,29.0,24.0,3.0,7.0,1.0,22.0,8.0,7.0,1.07,3.78,s,高梨　裕稔,3000
18,奥川　恭伸,5.61,5.0,0.0,3.0,0.0,0.0,0.0,121.0,25.2,40.0,1.0,5.0,0.0,22.0,21.0,16.0,1.75,2.5,s,奥川　恭伸,2100
19,石川　雅規,7.71,4.0,2.0,2.0,0.0,0.0,0.5,81.0,16.1,26.0,1.0,7.0,0.0,4.0,17.0,14.0,2.02,4.53,s,石川　雅規,4000
12,石山　泰稚,1.17,16.0,0.0,1.0,9.0,4.0,0.0,53.0,15.1,6.0,2.0,1.0,0.0,18.0,2.0,2.0,0.46,2.66,s,石山　泰稚,9000
45,小澤　怜史,3.0,15.0,0.0,2.0,0.0,3.0,0.0,69.0,15.0,13.0,2.0,12.0,0.0,14.0,5.0,5.0,1.67,4.99,s,小澤　怜史,5200
20,木澤　尚文,4.05,15.0,2.0,1.0,0.0,8.0,0.667,62.0,13.1,16.0,0.0,5.0,1.0,8.0,6.0,6.0,1.58,3.05,s,木澤　尚文,7000
43,山本　大貴,6.08,14.0,0.0,0.0,0.0,1.0,0.0,61.0,13.1,15.0,1.0,6.0,0.0,5.0,10.0,9.0,1.58,4.7,s,山本　大貴,3000
34,田口　麗斗,6.23,15.0,0.0,1.0,0.0,5.0,0.0,62.0,13.0,14.0,0.0,6.0,2.0,11.0,9.0,9.0,1.54,3.04,s,田口　麗斗,17500
30,荘司　宏太,0.0,11.0,0.0,0.0,0.0,5.0,0.0,46.0,12.0,6.0,0.0,3.0,2.0,17.0,0.0,0.0,0.75,1.54,s,荘司　宏太,1200
66,阪口　皓亮,3.0,8.0,0.0,0.0,0.0,0.0,0.0,53.0,12.0,8.0,0.0,10.0,2.0,5.0,4.0,4.0,1.5,5.04,s,阪口　皓亮,1000
47,高橋　奎二,1.5,2.0,1.0,1.0,0.0,0.0,0.5,48.0,12.0,7.0,0.0,6.0,0.0,13.0,2.0,2.0,1.08,2.45,s,高橋　奎二,5800
41,矢崎　拓也,3.86,9.0,0.0,0.0,0.0,1.0,0.0,38.0,9.1,9.0,0.0,2.0,0.0,9.0,4.0,4.0,1.18,1.83,s,矢崎　拓也,4800
48,金久保　優斗,7.71,6.0,0.0,1.0,0.0,0.0,0.0,43.0,9.1,16.0,4.0,2.0,0.0,5.0,8.0,8.0,1.93,8.26,s,金久保　優斗,900
17,清水　昇,6.75,7.0,0.0,1.0,0.0,3.0,0.0,30.0,6.2,9.0,1.0,2.0,0.0,4.0,5.0,5.0,1.65,4.32,s,清水　昇,9000
58,バウマン,5.68,7.0,0.0,1.0,0.0,1.0,0.0,33.0,6.1,7.0,3.0,7.0,0.0,5.0,5.0,4.0,2.21,10.54,s,バウマン,15000
11,アビラ,1.5,1.0,0.0,1.0,0.0,0.0,0.0,22.0,6.0,2.0,0.0,2.0,0.0,7.0,1.0,1.0,0.67,1.29,s,アビラ,15000
44,大西　広樹,0.0,3.0,1.0,0.0,0.0,0.0,1.0,22.0,5.0,6.0,0.0,1.0,0.0,2.0,1.0,0.0,1.4,2.92,s,大西　広樹,6400
24,星　知弥,0.0,5.0,0.0,0.0,0.0,2.0,0.0,19.0,4.2,3.0,0.0,3.0,0.0,3.0,0.0,0.0,1.29,3.76,s,星　知弥,2800
53,長谷川　宙輝,0.0,2.0,0.0,0.0,0.0,0.0,0.0,7.0,1.0,1.0,0.0,2.0,1.0,0.0,0.0,0.0,3.0,12.12,s,長谷川　宙輝,900
15,中村　優斗,,,,,,,,,,,,,,,,,,,s,中村　優斗,1600
28,松本　健吾,,,,,,,,,,,,,,,,,,,s,松本　健吾,1600
35,石原　勇輝,,,,,,,,,,,,,,,,,,,s,石原　勇輝,900
49,山下　輝,,,,,,,,,,,,,,,,,,,s,山下　輝,950
52,原　樹理,,,,,,,,,,,,,,,,,,,s,原　樹理,2400
56,坂本　拓己,,,,,,,,,,,,,,,,,,,s,坂本　拓己,540
61,宮川　哲,,,,,,,,,,,,,,,,,,,s,宮川　哲,1600
62,竹山　日向,,,,,,,,,,,,,,,,,,,s,竹山　日向,580
68,丸山　翔大,,,,,,,,,,,,,,,,,,,s,丸山　翔大,1400
69,下川　隼佑,,,,,,,,,,,,,,,,,,,s,下川　隼佑,300
35,モイネロ,1.69,8.0,5.0,0.0,0.0,0.0,1.0,201.0,53.1,36.0,4.0,13.0,2.0,50.0,10.0,10.0,0.92,3.06,h,モイネロ,100000
17,有原　航平,4.5,8.0,2.0,4.0,0.0,0.0,0.333,223.0,52.0,57.0,5.0,13.0,2.0,24.0,27.0,26.0,1.35,4.31,h,有原　航平,40000
47,大関　友久,2.7,8.0,3.0,3.0,0.0,0.0,0.5,189.0,46.2,30.0,4.0,15.0,3.0,30.0,15.0,14.0,0.96,4.11,h,大関　友久,9000
10,上沢　直之,2.2,7.0,3.0,2.0,0.0,0.0,0.6,170.0,45.0,30.0,5.0,10.0,0.0,30.0,14.0,11.0,0.89,3.9,h,上沢　直之,25000
51,前田　純,2.29,7.0,1.0,1.0,0.0,0.0,0.5,151.0,35.1,31.0,3.0,11.0,3.0,17.0,10.0,9.0,1.19,4.45,h,前田　純,750
40,杉山　一樹,1.25,22.0,0.0,2.0,1.0,9.0,0.0,87.0,21.2,18.0,2.0,6.0,0.0,30.0,4.0,3.0,1.11,2.38,h,杉山　一樹,4000
49,松本　晴,0.42,13.0,1.0,0.0,0.0,1.0,1.0,85.0,21.1,14.0,0.0,7.0,1.0,19.0,1.0,1.0,0.98,2.18,h,松本　晴,900
54,オスナ,3.79,19.0,2.0,1.0,7.0,5.0,0.667,78.0,19.0,17.0,1.0,4.0,3.0,10.0,8.0,8.0,1.11,3.7,h,オスナ,46500
54,オスナ,3.79,19.0,2.0,1.0,7.0,5.0,0.667,78.0,19.0,17.0,1.0,4.0,3.0,10.0,8.0,8.0,1.11,3.7,h,オスナ,100000
48,藤井　皓哉,1.08,17.0,2.0,1.0,0.0,3.0,0.667,65.0,16.2,12.0,1.0,5.0,0.0,19.0,3.0,2.0,1.02,2.52,h,藤井　皓哉,7000
66,松本　裕樹,0.56,16.0,0.0,0.0,0.0,15.0,0.0,58.0,16.0,6.0,0.0,4.0,2.0,20.0,1.0,1.0,0.63,1.56,h,松本　裕樹,11000
53,大山　凌,2.93,14.0,1.0,1.0,1.0,0.0,0.5,75.0,15.1,20.0,0.0,6.0,1.0,12.0,6.0,5.0,1.7,2.53,h,大山　凌,1500
16,東浜　巨,3.77,3.0,1.0,2.0,0.0,0.0,0.333,60.0,14.1,12.0,1.0,2.0,0.0,8.0,8.0,6.0,0.98,3.33,h,東浜　巨,15000
39,尾形　崇斗,3.29,16.0,0.0,0.0,0.0,2.0,0.0,67.0,13.2,17.0,2.0,7.0,0.0,14.0,8.0,5.0,1.76,4.29,h,尾形　崇斗,1400
63,ヘルナンデス,5.27,15.0,0.0,2.0,0.0,4.0,0.0,59.0,13.2,16.0,0.0,4.0,1.0,12.0,8.0,8.0,1.46,2.46,h,ヘルナンデス,4700
63,ヘルナンデス,5.27,15.0,0.0,2.0,0.0,4.0,0.0,59.0,13.2,16.0,0.0,4.0,1.0,12.0,8.0,8.0,1.46,2.46,h,ヘルナンデス,12000
63,ヘルナンデス,5.27,15.0,0.0,2.0,0.0,4.0,0.0,59.0,13.2,16.0,0.0,4.0,1.0,12.0,8.0,8.0,1.46,2.46,h,ヘルナンデス,25000
26,大津　亮介,4.15,3.0,0.0,1.0,0.0,0.0,0.0,60.0,13.0,18.0,2.0,4.0,0.0,4.0,7.0,6.0,1.69,5.43,h,大津　亮介,5500
11,津森　宥紀,3.72,9.0,1.0,1.0,0.0,0.0,0.5,50.0,9.2,13.0,1.0,4.0,3.0,9.0,4.0,4.0,1.76,4.15,h,津森　宥紀,7300
27,岩井　俊介,1.17,6.0,0.0,0.0,0.0,1.0,0.0,31.0,7.2,7.0,0.0,1.0,1.0,3.0,1.0,1.0,1.04,3.12,h,岩井　俊介,1500
2,スチュワート・ジュニア,,,,,,,,,,,,,,,,,,,h,スチュワート・ジュニア,70000
13,濵口　遥大,,,,,,,,,,,,,,,,,,,h,濵口　遥大,4600
14,又吉　克樹,,,,,,,,,,,,,,,,,,,h,又吉　克樹,15000
18,武田　翔太,,,,,,,,,,,,,,,,,,,h,武田　翔太,15000
20,村上　泰斗,,,,,,,,,,,,,,,,,,,h,村上　泰斗,800
28,安德　駿,,,,,,,,,,,,,,,,,,,h,安德　駿,1000
29,大江　竜聖,,,,,,,,,,,,,,,,,,,h,大江　竜聖,2450
34,村田　賢一,,,,,,,,,,,,,,,,,,,h,村田　賢一,1000
41,前田　悠伍,,,,,,,,,,,,,,,,,,,h,前田　悠伍,1000
42,伊藤　優輔,,,,,,,,,,,,,,,,,,,h,伊藤　優輔,820
50,板東　湧梧,,,,,,,,,,,,,,,,,,,h,板東　湧梧,3200
56,田浦　文丸,,,,,,,,,,,,,,,,,,,h,田浦　文丸,2400
58,木村　大成,,,,,,,,,,,,,,,,,,,h,木村　大成,570
59,長谷川　威展,,,,,,,,,,,,,,,,,,,h,長谷川　威展,2500
60,大野　稼頭央,,,,,,,,,,,,,,,,,,,h,大野　稼頭央,520
64,上茶谷　大河,,,,,,,,,,,,,,,,,,,h,上茶谷　大河,3900
68,木村　光,,,,,,,,,,,,,,,,,,,h,木村　光,750
69,岩崎　峻典,,,,,,,,,,,,,,,,,,,h,岩崎　峻典,800
48,今井　達也,0.65,9.0,5.0,1.0,0.0,0.0,0.833,252.0,69.0,32.0,2.0,18.0,1.0,71.0,5.0,5.0,0.72,2.26,l,今井　達也,18000
16,隅田　知一郎,1.33,7.0,5.0,2.0,0.0,0.0,0.714,202.0,54.1,36.0,2.0,8.0,0.0,49.0,8.0,8.0,0.81,2.24,l,隅田　知一郎,9000
12,渡邉　勇太朗,3.19,7.0,2.0,3.0,0.0,0.0,0.4,178.0,42.1,37.0,3.0,14.0,1.0,23.0,18.0,15.0,1.2,4.02,l,渡邉　勇太朗,2000
13,髙橋　光成,2.93,7.0,2.0,3.0,0.0,0.0,0.4,169.0,40.0,37.0,4.0,17.0,1.0,16.0,15.0,13.0,1.35,4.97,l,髙橋　光成,21000
71,菅井　信也,2.03,6.0,4.0,2.0,0.0,0.0,0.667,128.0,31.0,19.0,1.0,19.0,0.0,26.0,7.0,7.0,1.23,3.7,l,菅井　信也,670
45,ウィンゲンター,1.56,18.0,0.0,2.0,0.0,12.0,0.0,65.0,17.1,8.0,0.0,5.0,1.0,24.0,3.0,3.0,0.75,1.39,l,ウィンゲンター,12000
61,平良　海馬,2.2,17.0,0.0,1.0,11.0,2.0,0.0,71.0,16.1,13.0,0.0,7.0,2.0,16.0,6.0,4.0,1.22,2.63,l,平良　海馬,20000
11,上田　大河,6.89,3.0,0.0,1.0,0.0,0.0,0.0,76.0,15.2,24.0,1.0,6.0,1.0,5.0,12.0,12.0,1.91,4.65,l,上田　大河,1350
15,與座　海人,4.6,3.0,1.0,1.0,0.0,0.0,0.5,65.0,15.2,16.0,2.0,1.0,2.0,7.0,8.0,8.0,1.09,4.46,l,與座　海人,2500
36,山田　陽翔,0.0,14.0,1.0,0.0,0.0,5.0,1.0,53.0,14.1,9.0,0.0,3.0,1.0,9.0,0.0,0.0,0.84,2.7,l,山田　陽翔,700
21,武内　夏暉,1.42,2.0,1.0,0.0,0.0,0.0,1.0,50.0,12.2,9.0,0.0,5.0,0.0,10.0,2.0,2.0,1.11,2.49,l,武内　夏暉,4500
34,甲斐野　央,1.5,13.0,1.0,1.0,0.0,8.0,0.5,52.0,12.0,9.0,1.0,7.0,1.0,13.0,2.0,2.0,1.33,4.04,l,甲斐野　央,3500
56,Ｅ．ラミレス,1.5,12.0,0.0,0.0,0.0,1.0,0.0,49.0,12.0,9.0,1.0,5.0,0.0,11.0,2.0,2.0,1.17,3.37,l,Ｅ．ラミレス,13000
19,佐藤　隼輔,6.94,12.0,0.0,2.0,0.0,5.0,0.0,56.0,11.2,15.0,2.0,7.0,1.0,6.0,9.0,9.0,1.89,6.12,l,佐藤　隼輔,4300
43,羽田　慎之介,4.5,11.0,1.0,1.0,0.0,1.0,0.5,46.0,10.0,12.0,0.0,5.0,1.0,9.0,5.0,5.0,1.7,3.12,l,羽田　慎之介,700
20,田村　伊知郎,5.0,8.0,0.0,0.0,0.0,0.0,0.0,40.0,9.0,10.0,1.0,2.0,2.0,7.0,5.0,5.0,1.33,4.34,l,田村　伊知郎,1800
54,黒木　優太,10.13,6.0,1.0,0.0,0.0,0.0,1.0,25.0,5.1,6.0,0.0,3.0,0.0,2.0,6.0,6.0,1.69,4.06,l,黒木　優太,1150
57,黒田　将矢,9.0,3.0,0.0,0.0,0.0,0.0,0.0,17.0,3.0,5.0,0.0,3.0,0.0,4.0,3.0,3.0,2.67,3.45,l,黒田　将矢,630
69,水上　由伸,0.0,2.0,0.0,0.0,0.0,0.0,0.0,14.0,3.0,5.0,0.0,1.0,1.0,1.0,0.0,0.0,2.0,4.45,l,水上　由伸,3000
17,松本　航,,,,,,,,,,,,,,,,,,,l,松本　航,5200
23,糸川　亮太,,,,,,,,,,,,,,,,,,,l,糸川　亮太,900
25,平井　克典,,,,,,,,,,,,,,,,,,,l,平井　克典,9000
29,青山　美夏人,,,,,,,,,,,,,,,,,,,l,青山　美夏人,1550
41,成田　晴風,,,,,,,,,,,,,,,,,,,l,成田　晴風,650
42,ボー・タカハシ,,,,,,,,,,,,,,,,,,,l,ボー・タカハシ,4000
46,狩生　聖真,,,,,,,,,,,,,,,,,,,l,狩生　聖真,700
47,杉山　遙希,,,,,,,,,,,,,,,,,,,l,杉山　遙希,700
52,篠原　響,,,,,,,,,,,,,,,,,,,l,篠原　響,700
58,中村　祐太,,,,,,,,,,,,,,,,,,,l,中村　祐太,1500
70,豆田　泰志,,,,,,,,,,,,,,,,,,,l,豆田　泰志,770
21,早川　隆久,2.45,8.0,1.0,5.0,0.0,0.0,0.167,204.0,51.1,39.0,7.0,13.0,1.0,47.0,15.0,14.0,1.01,3.88,e,早川　隆久,7000
11,岸　孝之,5.35,6.0,2.0,2.0,0.0,0.0,0.5,149.0,33.2,42.0,4.0,7.0,1.0,22.0,20.0,20.0,1.46,4.07,e,岸　孝之,22000
17,古謝　樹,4.28,6.0,2.0,2.0,0.0,0.0,0.5,145.0,33.2,31.0,3.0,13.0,1.0,20.0,16.0,16.0,1.31,4.34,e,古謝　樹,2300
47,藤井　聖,3.06,6.0,1.0,2.0,0.0,0.0,0.333,143.0,32.1,35.0,3.0,14.0,2.0,22.0,12.0,11.0,1.52,4.45,e,藤井　聖,3700
57,瀧中　瞭太,2.49,5.0,2.0,2.0,0.0,0.0,0.5,110.0,25.1,24.0,2.0,5.0,2.0,13.0,7.0,7.0,1.14,3.95,e,瀧中　瞭太,2800
69,内　星龍,1.59,8.0,1.0,0.0,1.0,1.0,1.0,97.0,22.2,20.0,0.0,9.0,1.0,14.0,4.0,4.0,1.28,3.21,e,内　星龍,3100
45,松井　友飛,5.68,8.0,1.0,3.0,0.0,1.0,0.25,86.0,19.0,21.0,2.0,12.0,0.0,16.0,12.0,12.0,1.74,4.7,e,松井　友飛,820
41,加治屋　蓮,2.12,18.0,0.0,0.0,0.0,6.0,0.0,66.0,17.0,12.0,0.0,5.0,1.0,15.0,4.0,4.0,1.0,2.24,e,加治屋　蓮,1600
56,鈴木　翔天,1.13,17.0,0.0,1.0,3.0,8.0,0.0,61.0,16.0,7.0,0.0,6.0,0.0,21.0,2.0,2.0,0.81,1.62,e,鈴木　翔天,6500
14,則本　昂大,3.45,16.0,3.0,2.0,5.0,1.0,0.6,72.0,15.2,18.0,1.0,8.0,0.0,11.0,6.0,6.0,1.66,4.08,e,則本　昂大,30000
19,荘司　康誠,2.3,3.0,1.0,0.0,0.0,0.0,1.0,64.0,15.2,13.0,1.0,5.0,1.0,13.0,4.0,4.0,1.15,3.44,e,荘司　康誠,2700
66,今野　龍太,2.93,17.0,1.0,1.0,0.0,3.0,0.5,67.0,15.1,10.0,2.0,8.0,1.0,10.0,5.0,5.0,1.17,5.08,e,今野　龍太,2700
49,西垣　雅矢,2.4,16.0,2.0,0.0,0.0,0.0,1.0,65.0,15.0,13.0,1.0,5.0,3.0,14.0,4.0,4.0,1.2,3.72,e,西垣　雅矢,920
46,藤平　尚真,3.07,16.0,0.0,1.0,2.0,6.0,0.0,62.0,14.2,12.0,3.0,6.0,0.0,13.0,7.0,5.0,1.23,4.82,e,藤平　尚真,4000
62,西口　直人,0.0,15.0,2.0,0.0,0.0,9.0,1.0,57.0,14.1,8.0,0.0,7.0,0.0,21.0,0.0,0.0,1.05,1.45,e,西口　直人,1500
15,ハワード,0.69,2.0,1.0,0.0,0.0,0.0,1.0,49.0,13.0,11.0,0.0,1.0,0.0,8.0,1.0,1.0,0.92,2.12,e,ハワード,15000
40,江原　雅裕,1.0,9.0,0.0,1.0,0.0,0.0,0.0,45.0,9.0,10.0,0.0,8.0,0.0,5.0,2.0,1.0,2.0,4.68,e,江原　雅裕,1000
89,ヤフーレ,0.0,2.0,0.0,0.0,0.0,0.0,0.0,32.0,9.0,5.0,0.0,0.0,0.0,4.0,1.0,0.0,0.56,2.23,e,ヤフーレ,11000
58,辛島　航,10.5,2.0,0.0,2.0,0.0,0.0,0.0,32.0,6.0,15.0,1.0,1.0,0.0,1.0,7.0,7.0,2.67,5.45,e,辛島　航,8000
31,渡辺　翔太,0.0,5.0,0.0,0.0,0.0,0.0,0.0,20.0,5.0,3.0,0.0,2.0,0.0,5.0,0.0,0.0,1.0,2.32,e,渡辺　翔太,4000
26,中込　陽翔,0.0,4.0,0.0,0.0,0.0,0.0,0.0,19.0,4.0,3.0,0.0,4.0,0.0,1.0,0.0,0.0,1.75,4.87,e,中込　陽翔,1000
72,宮森　智志,21.0,2.0,0.0,0.0,0.0,0.0,0.0,22.0,3.0,8.0,0.0,5.0,1.0,2.0,7.0,7.0,4.33,7.79,e,宮森　智志,950
20,ターリー,6.75,2.0,0.0,0.0,0.0,0.0,0.0,7.0,1.1,2.0,0.0,1.0,0.0,1.0,1.0,1.0,2.25,3.87,e,ターリー,10500
61,松田　啄磨,0.0,1.0,0.0,0.0,0.0,0.0,0.0,3.0,1.0,0.0,0.0,1.0,0.0,0.0,0.0,0.0,1.0,6.12,e,松田　啄磨,750
22,小孫　竜二,,,,,,,,,,,,,,,,,,,e,小孫　竜二,900
28,酒居　知史,,,,,,,,,,,,,,,,,,,e,酒居　知史,8000
29,德山　一翔,,,,,,,,,,,,,,,,,,,e,德山　一翔,1100
38,弓削　隼人,,,,,,,,,,,,,,,,,,,e,弓削　隼人,1700
43,宋　家豪,,,,,,,,,,,,,,,,,,,e,宋　家豪,9000
52,津留﨑　大成,,,,,,,,,,,,,,,,,,,e,津留﨑　大成,900
53,坂井　陽翔,,,,,,,,,,,,,,,,,,,e,坂井　陽翔,600
54,日當　直喜,,,,,,,,,,,,,,,,,,,e,日當　直喜,570
59,泰　勝利,,,,,,,,,,,,,,,,,,,e,泰　勝利,550
64,林　優樹,,,,,,,,,,,,,,,,,,,e,林　優樹,750
67,大内　誠弥,,,,,,,,,,,,,,,,,,,e,大内　誠弥,500
71,柴田　大地,,,,,,,,,,,,,,,,,,,e,柴田　大地,900
22,九里　亜蓮,1.97,8.0,4.0,1.0,0.0,0.0,0.8,231.0,59.1,45.0,1.0,19.0,2.0,45.0,13.0,13.0,1.08,2.88,bs,九里　亜蓮,14000
18,宮城　大弥,1.86,8.0,3.0,0.0,0.0,0.0,1.0,227.0,58.0,43.0,4.0,10.0,3.0,56.0,13.0,12.0,0.91,2.76,bs,宮城　大弥,20000
17,曽谷　龍平,2.05,7.0,4.0,2.0,0.0,0.0,0.667,177.0,44.0,37.0,3.0,12.0,1.0,35.0,12.0,10.0,1.11,3.23,bs,曽谷　龍平,3800
0,エスピノーザ,3.06,6.0,0.0,3.0,0.0,0.0,0.0,155.0,35.1,36.0,1.0,15.0,0.0,31.0,14.0,12.0,1.44,3.01,bs,エスピノーザ,25000
29,田嶋　大樹,3.9,5.0,2.0,2.0,0.0,0.0,0.5,132.0,32.1,32.0,4.0,5.0,0.0,27.0,14.0,14.0,1.14,3.52,bs,田嶋　大樹,10000
96,髙島　泰都,4.05,5.0,2.0,1.0,0.0,0.0,0.667,88.0,20.0,25.0,1.0,4.0,1.0,8.0,9.0,9.0,1.45,3.72,bs,髙島　泰都,2000
94,川瀬　堅斗,3.44,15.0,0.0,0.0,0.0,3.0,0.0,80.0,18.1,17.0,0.0,6.0,2.0,13.0,7.0,7.0,1.25,2.85,bs,川瀬　堅斗,800
42,マチャド,2.65,18.0,2.0,2.0,7.0,3.0,0.5,72.0,17.0,14.0,0.0,5.0,2.0,22.0,6.0,5.0,1.12,1.41,bs,マチャド,35000
59,ペルドモ,2.45,14.0,1.0,1.0,0.0,11.0,0.5,60.0,14.2,13.0,1.0,6.0,0.0,8.0,4.0,4.0,1.3,3.73,bs,ペルドモ,20000
15,椋木　蓮,6.75,4.0,0.0,1.0,0.0,0.0,0.0,66.0,13.1,23.0,0.0,6.0,0.0,4.0,12.0,10.0,2.18,3.87,bs,椋木　蓮,1200
57,山田　修義,5.84,15.0,2.0,2.0,0.0,5.0,0.5,57.0,12.1,13.0,1.0,7.0,0.0,13.0,9.0,8.0,1.62,3.77,bs,山田　修義,6600
35,古田島　成龍,4.38,13.0,1.0,1.0,0.0,5.0,0.5,55.0,12.1,14.0,1.0,5.0,0.0,11.0,6.0,6.0,1.54,3.36,bs,古田島　成龍,3500
21,山﨑　颯一郎,6.35,11.0,1.0,0.0,0.0,0.0,1.0,54.0,11.1,13.0,3.0,6.0,2.0,13.0,8.0,8.0,1.68,6.38,bs,山﨑　颯一郎,5300
20,阿部　翔太,1.64,12.0,0.0,0.0,0.0,0.0,0.0,47.0,11.0,10.0,1.0,5.0,0.0,10.0,2.0,2.0,1.36,3.85,bs,阿部　翔太,4800
66,博志,5.0,11.0,0.0,0.0,0.0,4.0,0.0,42.0,9.0,11.0,1.0,5.0,0.0,4.0,5.0,5.0,1.78,5.34,bs,博志,2700
98,権田　琉成,4.26,4.0,0.0,0.0,0.0,0.0,0.0,30.0,6.1,10.0,0.0,1.0,1.0,5.0,3.0,3.0,1.74,2.49,bs,権田　琉成,700
12,東　晃平,5.68,2.0,0.0,1.0,0.0,0.0,0.0,31.0,6.1,9.0,0.0,3.0,0.0,1.0,5.0,4.0,1.89,4.23,bs,東　晃平,2400
19,山岡　泰輔,5.06,5.0,0.0,1.0,0.0,0.0,0.0,27.0,5.1,7.0,0.0,3.0,1.0,6.0,3.0,3.0,1.88,3.12,bs,山岡　泰輔,6800
28,富山　凌雅,9.0,4.0,0.0,0.0,0.0,0.0,0.0,16.0,3.0,4.0,1.0,3.0,0.0,1.0,3.0,3.0,2.33,9.79,bs,富山　凌雅,1400
13,寺西　成騎,0.0,1.0,0.0,0.0,0.0,0.0,0.0,12.0,3.0,2.0,0.0,2.0,0.0,1.0,0.0,0.0,1.33,4.45,bs,寺西　成騎,1100
58,井口　和朋,6.75,3.0,0.0,0.0,0.0,0.0,0.0,15.0,2.2,6.0,0.0,1.0,0.0,1.0,3.0,2.0,2.63,3.5,bs,井口　和朋,2400
16,平野　佳寿,15.43,3.0,0.0,1.0,1.0,0.0,0.0,14.0,2.1,5.0,1.0,2.0,0.0,1.0,4.0,4.0,3.0,10.41,bs,平野　佳寿,16500
60,本田　圭佑,9.0,2.0,0.0,0.0,0.0,0.0,0.0,11.0,2.0,4.0,0.0,1.0,0.0,3.0,2.0,2.0,2.5,1.62,bs,本田　圭佑,2900
49,片山　楽生,4.5,1.0,0.0,0.0,0.0,0.0,0.0,10.0,2.0,4.0,0.0,0.0,0.0,1.0,1.0,1.0,2.0,2.12,bs,片山　楽生,800
11,山下　舜平大,,,,,,,,,,,,,,,,,,,bs,山下　舜平大,3600
14,宇田川　優希,,,,,,,,,,,,,,,,,,,bs,宇田川　優希,3700
23,吉田　輝星,,,,,,,,,,,,,,,,,,,bs,吉田　輝星,3700
26,齋藤　響介,,,,,,,,,,,,,,,,,,,bs,齋藤　響介,1200
45,東山　玲士,,,,,,,,,,,,,,,,,,,bs,東山　玲士,800
46,本田　仁海,,,,,,,,,,,,,,,,,,,bs,本田　仁海,2600
47,山口　廉王,,,,,,,,,,,,,,,,,,,bs,山口　廉王,500
48,東松　快征,,,,,,,,,,,,,,,,,,,bs,東松　快征,600
56,小木田　敦也,,,,,,,,,,,,,,,,,,,bs,小木田　敦也,3000
93,佐藤　一磨,,,,,,,,,,,,,,,,,,,bs,佐藤　一磨,900
95,才木　海翔,,,,,,,,,,,,,,,,,,,bs,才木　海翔,1200
17,伊藤　大海,2.36,8.0,5.0,2.0,0.0,0.0,0.714,237.0,61.0,45.0,6.0,9.0,2.0,62.0,18.0,16.0,0.89,2.91,f,伊藤　大海,22000
24,金村　尚真,1.9,7.0,4.0,2.0,0.0,0.0,0.667,203.0,52.0,44.0,2.0,8.0,0.0,34.0,11.0,11.0,1.0,2.77,f,金村　尚真,3600
57,北山　亘基,1.55,7.0,3.0,2.0,0.0,0.0,0.6,184.0,46.1,34.0,2.0,15.0,1.0,43.0,9.0,8.0,1.06,2.86,f,北山　亘基,4600
18,山﨑　福也,1.31,7.0,2.0,2.0,0.0,0.0,0.5,166.0,41.1,39.0,1.0,7.0,0.0,16.0,8.0,6.0,1.11,3.17,f,山﨑　福也,25000
14,加藤　貴之,2.94,6.0,2.0,2.0,0.0,0.0,0.5,138.0,33.2,35.0,2.0,3.0,0.0,12.0,13.0,11.0,1.13,3.45,f,加藤　貴之,30000
37,古林　睿煬,2.93,4.0,2.0,1.0,0.0,0.0,0.667,111.0,27.2,22.0,2.0,6.0,0.0,31.0,12.0,9.0,1.01,2.47,f,古林　睿煬,6000
52,池田　隆英,2.16,17.0,0.0,2.0,0.0,11.0,0.0,67.0,16.2,14.0,1.0,2.0,0.0,11.0,4.0,4.0,0.96,2.94,f,池田　隆英,5700
45,バーヘイゲン,6.43,3.0,1.0,2.0,0.0,0.0,0.333,61.0,14.0,16.0,2.0,3.0,0.0,8.0,10.0,10.0,1.36,4.48,f,バーヘイゲン,35000
28,河野　竜生,2.7,16.0,1.0,0.0,0.0,11.0,1.0,51.0,13.1,6.0,0.0,4.0,4.0,12.0,4.0,4.0,0.75,3.12,f,河野　竜生,9000
16,達　孝太,0.69,2.0,1.0,0.0,0.0,0.0,1.0,47.0,13.0,6.0,1.0,2.0,0.0,12.0,1.0,1.0,0.62,2.74,f,達　孝太,1050
48,齋藤　友貴哉,2.84,11.0,0.0,0.0,1.0,2.0,0.0,52.0,12.2,9.0,1.0,7.0,0.0,10.0,4.0,4.0,1.26,4.23,f,齋藤　友貴哉,2500
26,田中　正義,2.19,13.0,0.0,1.0,8.0,2.0,0.0,50.0,12.1,10.0,2.0,3.0,1.0,9.0,3.0,3.0,1.05,4.5,f,田中　正義,7200
41,福谷　浩司,3.18,12.0,1.0,1.0,0.0,2.0,0.5,49.0,11.1,12.0,2.0,3.0,0.0,9.0,7.0,4.0,1.32,4.62,f,福谷　浩司,2000
95,柳川　大晟,1.64,12.0,0.0,0.0,0.0,3.0,0.0,48.0,11.0,7.0,1.0,5.0,2.0,10.0,4.0,2.0,1.09,4.12,f,柳川　大晟,1600
25,宮西　尚生,2.08,13.0,1.0,0.0,0.0,7.0,1.0,35.0,8.2,7.0,0.0,2.0,0.0,6.0,2.0,2.0,1.04,2.43,f,宮西　尚生,6500
13,生田目　翼,2.08,10.0,0.0,0.0,0.0,3.0,0.0,32.0,8.2,4.0,0.0,2.0,0.0,4.0,2.0,2.0,0.69,2.89,f,生田目　翼,2900
67,山本　拓実,6.43,7.0,1.0,1.0,0.0,0.0,0.5,35.0,7.0,9.0,0.0,5.0,0.0,10.0,6.0,5.0,2.0,1.98,f,山本　拓実,3200
22,杉浦　稔大,5.68,8.0,1.0,1.0,0.0,0.0,0.5,28.0,6.1,8.0,3.0,2.0,0.0,6.0,5.0,4.0,1.58,8.33,f,杉浦　稔大,7000
29,細野　晴希,0.0,1.0,0.0,0.0,0.0,0.0,0.0,25.0,6.0,6.0,0.0,2.0,0.0,4.0,0.0,0.0,1.33,2.79,f,細野　晴希,1300
19,玉井　大翔,0.0,6.0,0.0,0.0,0.0,3.0,0.0,18.0,4.2,2.0,0.0,0.0,1.0,2.0,0.0,0.0,0.43,2.91,f,玉井　大翔,3300
93,松岡　洸希,6.75,3.0,0.0,0.0,0.0,0.0,0.0,22.0,4.0,8.0,1.0,2.0,0.0,5.0,4.0,3.0,2.5,5.37,f,松岡　洸希,600
96,孫　易磊,0.0,1.0,0.0,0.0,0.0,1.0,0.0,7.0,2.0,1.0,0.0,0.0,0.0,0.0,0.0,0.0,0.5,3.12,f,孫　易磊,600
12,矢澤　宏太,,,,,,,,,,,,,,,,,,,f,矢澤　宏太,1750
12,矢澤　宏太,,,,,,,,,,,,,,,,,,,f,矢澤　宏太,1750
20,上原　健太,,,,,,,,,,,,,,,,,,,f,上原　健太,3600
31,柴田　獅子,,,,,,,,,,,,,,,,,,,f,柴田　獅子,880
32,藤田　琉生,,,,,,,,,,,,,,,,,,,f,藤田　琉生,770
34,堀　瑞輝,,,,,,,,,,,,,,,,,,,f,堀　瑞輝,3300
35,浅利　太門,,,,,,,,,,,,,,,,,,,f,浅利　太門,1000
40,福田　俊,,,,,,,,,,,,,,,,,,,f,福田　俊,1800
42,ザバラ,,,,,,,,,,,,,,,,,,,f,ザバラ,6000
46,畔柳　亨丞,,,,,,,,,,,,,,,,,,,f,畔柳　亨丞,650
51,石川　直也,,,,,,,,,,,,,,,,,,,f,石川　直也,1600
55,松浦　慶斗,,,,,,,,,,,,,,,,,,,f,松浦　慶斗,650
59,根本　悠楓,,,,,,,,,,,,,,,,,,,f,根本　悠楓,1500
62,清水　大暉,,,,,,,,,,,,,,,,,,,f,清水　大暉,530
63,山城　航太郎,,,,,,,,,,,,,,,,,,,f,山城　航太郎,770
94,福島　蓮,,,,,,,,,,,,,,,,,,,f,福島　蓮,1600
14,小島　和哉,3.06,8.0,2.0,3.0,0.0,0.0,0.4,208.0,50.0,49.0,7.0,13.0,1.0,29.0,20.0,17.0,1.24,4.62,m,小島　和哉,16000
54,ボス,2.13,7.0,2.0,2.0,0.0,0.0,0.5,164.0,42.1,34.0,2.0,8.0,0.0,32.0,10.0,10.0,0.99,2.79,m,ボス,30000
16,種市　篤暉,4.46,6.0,2.0,3.0,0.0,0.0,0.4,155.0,34.1,44.0,3.0,10.0,1.0,17.0,22.0,17.0,1.57,4.23,m,種市　篤暉,8500
29,西野　勇士,4.01,6.0,0.0,4.0,0.0,0.0,0.0,143.0,33.2,36.0,3.0,8.0,1.0,19.0,15.0,15.0,1.31,3.95,m,西野　勇士,15000
21,石川　柊太,4.03,6.0,0.0,2.0,0.0,0.0,0.0,126.0,29.0,28.0,2.0,10.0,2.0,17.0,13.0,13.0,1.31,4.09,m,石川　柊太,20000
35,田中　晴也,2.79,5.0,2.0,3.0,0.0,0.0,0.4,123.0,29.0,25.0,1.0,9.0,1.0,31.0,10.0,9.0,1.17,2.46,m,田中　晴也,1100
53,木村　優人,2.3,11.0,1.0,0.0,1.0,3.0,1.0,63.0,15.2,10.0,1.0,5.0,0.0,8.0,7.0,4.0,0.96,3.89,m,木村　優人,600
56,中森　俊介,1.76,11.0,1.0,1.0,0.0,4.0,0.5,58.0,15.1,10.0,1.0,2.0,0.0,17.0,3.0,3.0,0.78,2.14,m,中森　俊介,1600
37,小野　郁,1.29,14.0,1.0,2.0,0.0,0.0,0.333,59.0,14.0,10.0,1.0,4.0,0.0,17.0,4.0,2.0,1.0,2.48,m,小野　郁,3000
28,菊地　吏玖,3.21,13.0,0.0,1.0,0.0,0.0,0.0,58.0,14.0,11.0,2.0,5.0,0.0,14.0,5.0,5.0,1.14,4.05,m,菊地　吏玖,2000
47,鈴木　昭汰,2.08,13.0,0.0,0.0,3.0,5.0,0.0,53.0,13.0,12.0,1.0,2.0,1.0,14.0,3.0,3.0,1.08,2.66,m,鈴木　昭汰,5400
60,横山　陸人,2.13,10.0,1.0,1.0,0.0,4.0,0.5,51.0,12.2,11.0,0.0,2.0,0.0,10.0,4.0,3.0,1.03,2.01,m,横山　陸人,3800
42,サモンズ,3.55,3.0,1.0,1.0,0.0,0.0,0.5,55.0,12.2,10.0,3.0,8.0,1.0,10.0,5.0,5.0,1.42,6.75,m,サモンズ,10000
97,ゲレーロ,3.09,12.0,1.0,2.0,1.0,4.0,0.333,47.0,11.2,8.0,1.0,4.0,0.0,12.0,4.0,4.0,1.03,3.21,m,ゲレーロ,10000
34,高野　脩汰,2.53,5.0,1.0,0.0,0.0,2.0,1.0,42.0,10.2,10.0,1.0,0.0,0.0,13.0,3.0,3.0,0.94,1.9,m,高野　脩汰,1250
33,八木　彬,2.57,7.0,0.0,0.0,0.0,2.0,0.0,27.0,7.0,5.0,0.0,1.0,1.0,6.0,2.0,2.0,0.86,2.26,m,八木　彬,1300
52,益田　直也,6.75,7.0,1.0,1.0,3.0,0.0,0.5,32.0,6.2,9.0,1.0,1.0,1.0,6.0,5.0,5.0,1.5,4.17,m,益田　直也,20000
11,澤村　拓一,3.0,6.0,0.0,0.0,0.0,0.0,0.0,27.0,6.0,4.0,0.0,5.0,0.0,4.0,2.0,2.0,1.5,4.29,m,澤村　拓一,20000
66,澤田　圭佑,10.38,4.0,0.0,0.0,0.0,0.0,0.0,20.0,4.1,5.0,2.0,2.0,0.0,2.0,5.0,5.0,1.62,9.58,m,澤田　圭佑,1940
30,廣畑　敦也,9.0,3.0,0.0,0.0,0.0,0.0,0.0,19.0,3.0,5.0,0.0,5.0,0.0,3.0,3.0,3.0,3.33,6.12,m,廣畑　敦也,1600
36,坂本　光士郎,0.0,2.0,0.0,0.0,0.0,0.0,0.0,6.0,2.0,0.0,0.0,0.0,0.0,1.0,0.0,0.0,0.0,2.12,m,坂本　光士郎,3800
59,早坂　響,4.5,2.0,0.0,0.0,0.0,0.0,0.0,9.0,2.0,3.0,0.0,0.0,0.0,1.0,1.0,1.0,1.5,2.12,m,早坂　響,560
40,西村　天裕,40.5,1.0,0.0,0.0,0.0,0.0,0.0,8.0,0.2,4.0,0.0,2.0,0.0,1.0,3.0,3.0,9.0,9.12,m,西村　天裕,3500
12,石川　歩,,,,,,,,,,,,,,,,,,,m,石川　歩,9000
15,美馬　学,,,,,,,,,,,,,,,,,,,m,美馬　学,4000
18,二木　康太,,,,,,,,,,,,,,,,,,,m,二木　康太,2700
19,唐川　侑己,,,,,,,,,,,,,,,,,,,m,唐川　侑己,5800
24,東妻　勇輔,,,,,,,,,,,,,,,,,,,m,東妻　勇輔,2300
31,大谷　輝龍,,,,,,,,,,,,,,,,,,,m,大谷　輝龍,1200
41,一條　力真,,,,,,,,,,,,,,,,,,,m,一條　力真,1000
46,岩下　大輝,,,,,,,,,,,,,,,,,,,m,岩下　大輝,4000
48,中村　稔弥,,,,,,,,,,,,,,,,,,,m,中村　稔弥,2200
58,河村　説人,,,,,,,,,,,,,,,,,,,m,河村　説人,900
62,坂井　遼,,,,,,,,,,,,,,,,,,,m,坂井　遼,560
64,廣池　康志郎,,,,,,,,,,,,,,,,,,,m,廣池　康志郎,800
92,国吉　佑樹,,,,,,,,,,,,,,,,,,,m,国吉　佑樹,7000
